	accu_reward	accu_v_measure_sensor_distance	action_index	episode_index	epsilon	object_in_range	observations:	reward	v_distance_reward	v_measure_calc_distance	v_measure_sensor_distance
0	1.6050611071145515	1.6	0.0	0.0	0.0	0.0	[0.15, 0.15, 0.15, 0.15]	1.6050611071145515	0.0369511113330492	3.0	1.6
1	2.793553006018705	3.2	0.0	0.0	0.0	0.0	[0.15, 0.15, 0.15, 0.15]	1.1884918989041533	0.026536881127789246	6.0	1.6
2	4.375429451855942	4.800000000000001	0.0	0.0	0.0	0.0	[0.15, 0.15, 0.15, 0.15]	1.5818764458372372	0.036371494801116344	9.0	1.6
3	5.456774513542083	6.4	0.0	0.0	0.0	0.0	[0.15, 0.15, 0.15, 0.15]	1.0813450616861413	0.02385821019733895	12.0	1.6
4	7.136350698798745	8.0	0.0	0.0	0.0	0.0	[0.15, 0.15, 0.15, 0.15]	1.6795761852566626	0.03881398828660198	15.0	1.6
5	9.310125566366708	9.6	0.0	0.0	0.0	0.0	[0.15, 0.15, 0.15, 0.15]	2.173774867567963	0.051168955344384495	18.0	1.6
6	11.493633746734563	11.2	0.0	0.0	0.0	0.0	[0.15, 0.15, 0.15, 0.15]	2.1835081803678555	0.05141228816438181	21.0	1.6
7	13.735794107087159	12.419233028017162	0.0	0.0	0.0	1.0	[0.15, 0.15, 0.15, 0.15]	2.2421603603525955	0.0528785926640003	24.0	1.2192330280171624
8	16.285279067994185	13.63927300900396	0.0	0.0	0.0	1.0	[0.15, 0.15, 0.15, 0.15]	2.549484960907028	0.06056170767786111	27.0	1.220039980986798
9	18.507843399545767	14.814752560730625	0.0	0.0	0.0	1.0	[0.15, 0.15, 0.12097605871455519, 0.15]	2.2225643315515797	0.05651031821971012	30.0	1.1754795517266645
10	18.463451909630272	15.984386242675098	1.0	0.0	0.0	1.0	[0.15, 0.15, 0.11965400562914077, 0.15]	-0.04439148991549423	0.0023667447812341248	30.0	1.1696336819444728
11	18.440630869001083	17.304019273639703	1.0	0.0	0.0	1.0	[0.15, 0.15, 0.12196995501431167, 0.15]	-0.022821040629190693	0.008424703588709248	30.0	1.319633030964606
12	18.49492680993911	18.650788095297965	1.0	0.0	0.0	1.0	[0.15, 0.15, 0.133996665046672, 0.15]	0.054295940938024694	0.011562555054351104	30.0	1.3467688216582623
13	19.55548228815651	19.956020759293754	0.0	0.0	0.0	1.0	[0.15, 0.15, 0.11683196143596006, 0.08820780408741778]	1.060555478217404	0.03553062601872578	33.0	1.3052326639957887
14	19.285678037958736	21.2410381619479	1.0	0.0	0.0	1.0	[0.15, 0.15, 0.1289583614733059, 0.0891539671958387]	-0.26980425019777626	0.0048638053257643084	33.0	1.2850174026541434
15	19.142809737920903	22.467641047464337	1.0	0.0	0.0	1.0	[0.15, 0.15, 0.15, 0.09019823974581669]	-0.14286830003783244	0.010494814797253577	33.0	1.2266028855164377
16	19.075449336291904	23.830346144623917	1.0	0.0	0.0	1.0	[0.15, 0.15, 0.15, 0.10197924735979266]	-0.0673604016289975	0.011667118800253276	33.0	1.3627050971595798
17	19.140514759195682	25.300749390573714	1.0	0.0	0.0	1.0	[0.15, 0.15, 0.15, 0.12959675405020152]	0.06506542290377887	0.011482644215290497	33.0	1.4704032459497984
18	20.653735221655896	26.73560087142291	0.0	0.0	0.0	1.0	[0.15, 0.15, 0.15, 0.15]	1.5132204624602144	0.03465509521669077	36.0	1.4348514808491974
19	22.898984494442157	28.15399543513395	0.0	0.0	0.0	1.0	[0.15, 0.15, 0.15, 0.15]	2.24524927278626	0.05295581547484192	39.0	1.4183945637110407
20	24.339510546002668	29.564407918346568	0.0	0.0	0.0	1.0	[0.15, 0.15, 0.15, 0.15]	1.4405260515605103	0.03283773494419817	42.0	1.4104124832126193
21	26.533309785877755	31.16440791834657	0.0	0.0	0.0	0.0	[0.15, 0.15, 0.15, 0.15]	2.1937992398750876	0.051669564652062606	45.0	1.6
22	28.787860266576722	32.246691979066924	0.0	0.0	0.0	1.0	[0.15, 0.15, 0.15, 0.15]	2.2545504806989687	0.053188345672659634	48.0	1.0822840607203537
23	31.333849706242127	33.69033745796923	0.0	0.0	0.0	1.0	[0.15, 0.15, 0.15, 0.15]	2.545989439665406	0.06047431964682056	51.0	1.4436454789023039
24	33.76612989864913	35.122147804066685	0.0	0.0	0.0	1.0	[0.15, 0.15, 0.15, 0.15]	2.4322801924070077	0.0576315884653606	54.0	1.431810346097456
25	35.91378505100777	36.54421290502608	0.0	0.0	0.0	1.0	[0.15, 0.15, 0.15, 0.15]	2.1476551523586402	0.050515962464151416	57.0	1.4220651009593914
26	38.14666548158461	37.768113374961366	0.0	0.0	0.0	1.0	[0.15, 0.15, 0.15, 0.15]	2.2328804305768406	0.05264659441960643	60.0	1.2239004699352876
27	40.69831488217301	39.36811337496137	0.0	0.0	0.0	0.0	[0.15, 0.15, 0.15, 0.15]	2.5516494005883947	0.06061581866989528	63.0	1.6
28	42.993109582585724	40.96811337496137	0.0	0.0	0.0	0.0	[0.15, 0.15, 0.15, 0.15]	2.294794700412715	0.05419445116550329	66.0	1.6
29	43.3232451834576	42.56811337496137	0.0	0.0	0.0	0.0	[0.15, 0.15, 0.15, 0.15]	0.3301356008718772	0.0050779736769823456	69.0	1.6
30	45.51260727575732	43.59226103399615	0.0	0.0	0.0	1.0	[0.15, 0.15, 0.15, 0.15]	2.1893620922997203	0.05155863596267842	72.0	1.0241476590347804
31	48.059675067776574	45.192261033996154	0.0	0.0	0.0	0.0	[0.15, 0.15, 0.15, 0.15]	2.547067792019257	0.060501278455666836	75.0	1.6
32	50.59412512710841	46.792261033996155	0.0	0.0	0.0	0.0	[0.15, 0.15, 0.15, 0.15]	2.534450059331838	0.060185835138481365	78.0	1.6
33	51.76975424110434	48.39226103399616	0.0	0.0	0.0	0.0	[0.15, 0.15, 0.15, 0.15]	1.1756291139959247	0.026215311505083532	81.0	1.6
34	53.91633855567316	49.99226103399616	0.0	0.0	0.0	0.0	[0.15, 0.15, 0.15, 0.15]	2.1465843145688206	0.05048919151940593	84.0	1.6
35	54.59369253440938	51.59226103399616	0.0	0.0	0.0	0.0	[0.15, 0.15, 0.15, 0.15]	0.6773539787362179	0.013758433123590864	87.0	1.6
36	56.4869881951109	53.19226103399616	0.0	0.0	0.0	0.0	[0.15, 0.15, 0.15, 0.15]	1.8932956607015177	0.04415697517272336	90.0	1.6
37	58.87085001070282	54.79226103399616	0.0	0.0	0.0	0.0	[0.15, 0.15, 0.15, 0.15]	2.383861815591924	0.0564211290449835	93.0	1.6
38	61.10096344632213	56.392261033996164	0.0	0.0	0.0	0.0	[0.15, 0.15, 0.15, 0.15]	2.230113435619318	0.05257741954566837	96.0	1.6
39	63.2876707066441	57.81452225646099	0.0	0.0	0.0	1.0	[0.15, 0.15, 0.15, 0.15]	2.186707260321964	0.05149226516323452	99.0	1.4222612224648228
40	65.16723328903873	59.2195231568352	0.0	0.0	0.0	1.0	[0.15, 0.15, 0.15, 0.15]	1.8795625823946391	0.04381364821505139	102.0	1.4050009003742134
41	67.06275907601882	60.8195231568352	0.0	0.0	0.0	0.0	[0.15, 0.15, 0.15, 0.15]	1.8955257869800817	0.04421272832968746	105.0	1.6
42	69.3176213561774	62.419523156835204	0.0	0.0	0.0	0.0	[0.15, 0.15, 0.15, 0.15]	2.2548622801585747	0.05319614065914978	108.0	1.6
43	71.55147102152435	63.82870805243563	0.0	0.0	0.0	1.0	[0.15, 0.15, 0.15, 0.15]	2.2338496653469506	0.052670825288859184	111.0	1.4091848956004291
44	73.70570663749093	65.42870805243562	0.0	0.0	0.0	0.0	[0.15, 0.15, 0.15, 0.15]	2.1542356159665865	0.050680474054350076	114.0	1.6
45	75.82817909846524	67.02870805243562	0.0	0.0	0.0	0.0	[0.15, 0.15, 0.15, 0.15]	2.122472460974303	0.049886395179542985	117.0	1.6
46	77.88969287608441	68.62870805243561	0.0	0.0	0.0	0.0	[0.15, 0.15, 0.15, 0.15]	2.061513777619174	0.04836242809566476	120.0	1.6
47	80.10847133564909	69.84350656238355	0.0	0.0	0.0	1.0	[0.15, 0.15, 0.15, 0.15]	2.218778459564675	0.0522940451443023	123.0	1.2147985099479417
48	82.6576802947509	71.44350656238355	0.0	0.0	0.0	0.0	[0.15, 0.15, 0.15, 0.15]	2.5492089591018168	0.060554807632730835	126.0	1.6
49	85.06886730244918	73.04350656238354	0.0	0.0	0.0	0.0	[0.15, 0.15, 0.15, 0.15]	2.4111870076982798	0.05710425884764241	129.0	1.6
50	87.05564914112159	74.64350656238354	0.0	0.0	0.0	0.0	[0.15, 0.15, 0.15, 0.15]	1.9867818386724112	0.04649412962199569	132.0	1.6
51	87.88923541294436	76.24350656238353	0.0	0.0	0.0	0.0	[0.15, 0.15, 0.15, 0.15]	0.8335862718227678	0.01766424045075461	135.0	1.6
52	88.75652728783896	77.84350656238352	0.0	0.0	0.0	0.0	[0.15, 0.15, 0.15, 0.15]	0.8672918748946044	0.018506880527550524	138.0	1.6
53	90.03821312600843	79.44350656238352	0.0	0.0	0.0	0.0	[0.15, 0.15, 0.15, 0.15]	1.2816858381694671	0.02886672960942209	141.0	1.6
54	92.23258458984373	81.04350656238351	0.0	0.0	0.0	0.0	[0.15, 0.15, 0.15, 0.15]	2.1943714638352936	0.05168387025106776	144.0	1.6
55	94.13603776065068	82.64350656238351	0.0	0.0	0.0	0.0	[0.15, 0.15, 0.15, 0.15]	1.9034531708069584	0.044410912925359376	147.0	1.6
56	95.0960167866502	84.2435065623835	0.0	0.0	0.0	0.0	[0.15, 0.15, 0.15, 0.15]	0.959979025999517	0.02082405930517334	150.0	1.6
57	96.78557829928805	85.8435065623835	0.0	0.0	0.0	0.0	[0.15, 0.15, 0.15, 0.15]	1.6895615126378503	0.03906362147113167	153.0	1.6
58	97.99596734299875	87.44350656238349	0.0	0.0	0.0	0.0	[0.15, 0.15, 0.15, 0.15]	1.2103890437106994	0.027084309747952902	156.0	1.6
59	100.17732191903663	89.04350656238348	0.0	0.0	0.0	0.0	[0.15, 0.15, 0.15, 0.15]	2.1813545760378723	0.051358448056132225	159.0	1.6
60	102.42221877791187	90.08757868266265	0.0	0.0	0.0	1.0	[0.15, 0.15, 0.15, 0.15]	2.244896858875238	0.05294700512706636	162.0	1.0440721202791674
61	104.96825781373322	91.68757868266265	0.0	0.0	0.0	0.0	[0.15, 0.15, 0.15, 0.15]	2.5460390358213556	0.06047555955071931	165.0	1.6
62	107.50118290523969	93.28757868266264	0.0	0.0	0.0	0.0	[0.15, 0.15, 0.15, 0.15]	2.5329250915064696	0.060147710942847155	168.0	1.6
63	109.67152259328923	94.88757868266264	0.0	0.0	0.0	0.0	[0.15, 0.15, 0.15, 0.15]	2.1703396880495425	0.05108307585642397	171.0	1.6
64	111.88712487193746	96.48757868266263	0.0	0.0	0.0	0.0	[0.15, 0.15, 0.15, 0.15]	2.2156022786482277	0.052214640621391105	174.0	1.6
65	114.22686367359756	98.08757868266262	0.0	0.0	0.0	0.0	[0.15, 0.15, 0.15, 0.15]	2.3397388016601055	0.05531805369668805	177.0	1.6
66	116.64349995572904	99.68757868266262	0.0	0.0	0.0	0.0	[0.15, 0.15, 0.15, 0.15]	2.4166362821314804	0.057240490708472425	180.0	1.6
67	118.87209663769073	101.28757868266261	0.0	0.0	0.0	0.0	[0.15, 0.15, 0.15, 0.15]	2.2285966819616845	0.052539500704227526	183.0	1.6
68	121.12645645975776	102.19269625181616	0.0	0.0	0.0	1.0	[0.15, 0.15, 0.15, 0.15]	2.2543598220670287	0.05318357920686113	186.0	0.9051175691535476
69	123.31583322962268	103.4651386763368	0.0	0.0	0.0	1.0	[0.15, 0.15, 0.11970218526926518, 0.10480940959599222]	2.189376769864923	0.060647218644722806	189.0	1.272442424520649
70	123.14635110449224	104.53042873404796	1.0	0.0	0.0	1.0	[0.15, 0.15, 0.13340661149406077, 0.09969598441799961]	-0.1694821251304483	0.010594020415630557	189.0	1.065290057711152
71	123.07669018098689	105.72469506707512	1.0	0.0	0.0	1.0	[0.15, 0.15, 0.15, 0.10143759895161202]	-0.06966092350535005	0.012497612916378934	189.0	1.1942663330271626
72	123.077649626373	107.05947690909946	1.0	0.0	0.0	1.0	[0.15, 0.15, 0.15, 0.1148331086969053]	0.0009594453861084869	0.012314895611247439	189.0	1.334781842024344
73	123.20864689741667	108.35578248675444	1.0	0.0	0.0	1.0	[0.15, 0.15, 0.15, 0.14724060895210145]	0.13099727104366374	0.013011302302643872	189.0	1.2963055776549721
74	125.3846944432379	109.63893095744926	0.0	0.0	0.0	1.0	[0.15, 0.15, 0.15, 0.15]	2.17604754582123	0.05122577230071616	192.0	1.2831484706948224
75	126.26659191598556	111.11467348895846	0.0	0.0	0.0	1.0	[0.15, 0.15, 0.15, 0.15]	0.8818974727476471	0.01887202047387659	195.0	1.475742531509201
76	127.51306348671193	112.585191037535	0.0	0.0	0.0	1.0	[0.15, 0.15, 0.15, 0.15]	1.2464715707263774	0.02798637292334485	198.0	1.4705175485765403
77	129.85919655612628	114.04201876746158	0.0	0.0	0.0	1.0	[0.15, 0.15, 0.15, 0.15]	2.346133069414357	0.05547791039054434	201.0	1.4568277299265855
78	132.19284124440662	115.48547166349157	0.0	0.0	0.0	1.0	[0.15, 0.15, 0.15, 0.15]	2.3336446882803465	0.05516570086219408	204.0	1.4434528960299753
79	134.18209269355552	116.9188572244885	0.0	0.0	0.0	1.0	[0.15, 0.15, 0.15, 0.15]	1.9892514491488984	0.04655586988390788	207.0	1.4333855609969322
80	136.28990546412766	118.34378897527269	0.0	0.0	0.0	1.0	[0.15, 0.15, 0.15, 0.15]	2.107812770572142	0.04951990291948897	210.0	1.4249317507841837
81	137.08356723401383	119.76631555114261	0.0	0.0	0.0	1.0	[0.15, 0.15, 0.15, 0.15]	0.7936617698861772	0.016666127902339845	213.0	1.4225265758699166
82	137.61130759416181	121.18661763362547	0.0	0.0	0.0	1.0	[0.15, 0.15, 0.15, 0.15]	0.5277403601479859	0.01001809265888506	216.0	1.4203020824828674
83	139.8015220491048	122.5948869474418	0.0	0.0	0.0	1.0	[0.15, 0.15, 0.15, 0.15]	2.190214454942963	0.05157994502875949	219.0	1.4082693138163236
84	142.04671855447717	123.62752883140516	0.0	0.0	0.0	1.0	[0.15, 0.15, 0.15, 0.15]	2.2451965053723746	0.05295449628949478	222.0	1.0326418839633629
85	144.59296436211892	125.22752883140515	0.0	0.0	0.0	0.0	[0.15, 0.15, 0.15, 0.15]	2.546245807641755	0.06048072884622929	225.0	1.6
86	147.06160766161983	126.82752883140515	0.0	0.0	0.0	0.0	[0.15, 0.15, 0.15, 0.15]	2.4686432995009135	0.05854066614270825	228.0	1.6
87	149.2426951330723	128.42752883140514	0.0	0.0	0.0	0.0	[0.15, 0.15, 0.15, 0.15]	2.181087471452444	0.05135177044149652	231.0	1.6
88	151.40877400866813	130.02752883140514	0.0	0.0	0.0	0.0	[0.15, 0.15, 0.15, 0.15]	2.166078875595851	0.050976555545081695	234.0	1.6
89	153.6582464275257	131.07637858232417	0.0	0.0	0.0	1.0	[0.15, 0.15, 0.15, 0.15]	2.2494724188575868	0.05306139412662508	237.0	1.0488497509190216
90	156.20074156866252	132.67637858232416	0.0	0.0	0.0	0.0	[0.15, 0.15, 0.15, 0.15]	2.542495141136802	0.060386962183605467	240.0	1.6
91	158.66132348923637	134.27637858232416	0.0	0.0	0.0	0.0	[0.15, 0.15, 0.15, 0.15]	2.460581920573847	0.058339131669531585	243.0	1.6
92	160.61103967099018	135.87637858232415	0.0	0.0	0.0	0.0	[0.15, 0.15, 0.15, 0.15]	1.9497161817538142	0.04556748819903077	246.0	1.6
93	162.77867515650095	136.93245589336468	0.0	0.0	0.0	1.0	[0.15, 0.15, 0.15, 0.15]	2.1676354855107687	0.051015470792954626	249.0	1.0560773110405186
94	165.324730493467	138.3330122420096	0.0	0.0	0.0	1.0	[0.15, 0.15, 0.15, 0.15]	2.5460553369660612	0.060475967079336945	252.0	1.400556348644921
95	167.8757002902499	139.9330122420096	0.0	0.0	0.0	0.0	[0.15, 0.15, 0.15, 0.15]	2.5509697967829053	0.06059882857475804	255.0	1.6
96	170.05328909162435	141.5330122420096	0.0	0.0	0.0	0.0	[0.15, 0.15, 0.15, 0.15]	2.177588801374432	0.05126430368954621	258.0	1.6
97	172.26780898863967	143.13301224200958	0.0	0.0	0.0	0.0	[0.15, 0.15, 0.15, 0.15]	2.2145198970153284	0.052187581080568625	261.0	1.6
98	174.52356750355509	144.54081200600567	0.0	0.0	0.0	1.0	[0.15, 0.15, 0.15, 0.15]	2.2557585149154153	0.0532185465280708	264.0	1.4077997639960813
99	176.9479402412543	146.14081200600566	0.0	0.0	0.0	0.0	[0.15, 0.15, 0.15, 0.15]	2.424372737699193	0.05743390209766524	267.0	1.6
100	179.18010216957077	147.74081200600565	0.0	0.0	0.0	0.0	[0.15, 0.15, 0.15, 0.15]	2.2321619283165	0.05262863186309792	270.0	1.6
101	181.46609262393702	149.34081200600565	0.0	0.0	0.0	0.0	[0.15, 0.15, 0.15, 0.15]	2.2859904543662544	0.05397434501434177	273.0	1.6
102	183.92587135730562	150.94081200600564	0.0	0.0	0.0	0.0	[0.15, 0.15, 0.15, 0.15]	2.4597787333686054	0.05831905198940055	276.0	1.6
103	186.17328444684472	152.54081200600564	0.0	0.0	0.0	0.0	[0.15, 0.15, 0.15, 0.15]	2.2474130895390814	0.05300991089366245	279.0	1.6
104	188.4406109117684	154.14081200600563	0.0	0.0	0.0	0.0	[0.15, 0.15, 0.15, 0.15]	2.2673264649236713	0.053507745278277195	282.0	1.6
105	190.89692396415285	155.74081200600563	0.0	0.0	0.0	0.0	[0.15, 0.15, 0.15, 0.15]	2.456313052384444	0.05823240996479651	285.0	1.6
106	193.15098580983084	157.34081200600562	0.0	0.0	0.0	0.0	[0.15, 0.15, 0.15, 0.15]	2.2540618456779953	0.0531761297971353	288.0	1.6
107	195.40526070685436	158.94081200600561	0.0	0.0	0.0	0.0	[0.15, 0.15, 0.15, 0.15]	2.2542748970235325	0.05318145608077373	291.0	1.6
108	197.81112395918694	160.5408120060056	0.0	0.0	0.0	0.0	[0.15, 0.15, 0.15, 0.15]	2.405863252332576	0.05697116496349981	294.0	1.6
109	200.07092892008475	162.1408120060056	0.0	0.0	0.0	0.0	[0.15, 0.15, 0.15, 0.15]	2.259804960897801	0.05331970767763044	297.0	1.6
110	202.32156042698537	163.7408120060056	0.0	0.0	0.0	0.0	[0.15, 0.15, 0.15, 0.15]	2.2506315069006075	0.05309037132770061	300.0	1.6
111	204.6672508338146	165.3408120060056	0.0	0.0	0.0	0.0	[0.15, 0.15, 0.15, 0.15]	2.345690406829232	0.05546684382591621	303.0	1.6
112	206.93132806551856	166.9408120060056	0.0	0.0	0.0	0.0	[0.15, 0.15, 0.15, 0.15]	2.2640772317039746	0.053426514447784776	306.0	1.6
113	209.20338481943475	168.54081200600558	0.0	0.0	0.0	0.0	[0.15, 0.15, 0.15, 0.15]	2.272056753916198	0.05362600250309037	309.0	1.6
114	211.55701027541858	170.14081200600558	0.0	0.0	0.0	0.0	[0.15, 0.15, 0.15, 0.15]	2.353625455983836	0.05566522005478131	312.0	1.6
115	213.84132933333044	171.74081200600557	0.0	0.0	0.0	0.0	[0.15, 0.15, 0.15, 0.15]	2.284319057911863	0.05393256010298198	315.0	1.6
116	216.10510114913242	173.34081200600556	0.0	0.0	0.0	0.0	[0.15, 0.15, 0.15, 0.15]	2.2637718158019955	0.053418879050235304	318.0	1.6
117	218.39850232728406	174.562601392256	0.0	0.0	0.0	1.0	[0.15, 0.15, 0.15, 0.15]	2.293401178151635	0.05415961310897629	321.0	1.2217893862504359
118	220.59257933980362	175.57452311285917	0.0	0.0	0.0	1.0	[0.15, 0.15, 0.13128790751253738, 0.15]	2.194077012519562	0.054177873595373946	324.0	1.0119217206031705
119	222.03567365315592	176.65684766073	0.0	0.0	0.0	1.0	[0.15, 0.15, 0.07755892123252646, 0.09361039133694915]	1.4430943133523026	0.05352282188357984	327.0	1.0823245478708148
120	221.30260955537304	177.51740866447105	1.0	0.0	0.0	1.0	[0.15, 0.15, 0.0815947826707791, 0.08074659402685996]	-0.7330640977828963	0.008193079792578073	327.0	0.8605610037410667
121	220.75420015007205	178.86006730536246	1.0	0.0	0.0	1.0	[0.15, 0.15, 0.10350178600202975, 0.07608922028514252]	-0.5484094053009766	0.011861006742088844	327.0	1.3426586408914067
122	220.51437995635456	180.14366418308038	1.0	0.0	0.0	1.0	[0.15, 0.15, 0.14923120519343158, 0.0779196182300664]	-0.23982019371750476	0.012061378072116234	327.0	1.2835968777179052
123	220.37842161075991	181.5336043322693	1.0	0.0	0.0	1.0	[0.15, 0.15, 0.15, 0.0908931595693472]	-0.1359583455946588	0.012622453714707388	327.0	1.389940149188926
124	220.3657968284173	182.70055627596625	1.0	0.0	0.0	1.0	[0.15, 0.15, 0.15, 0.11225872425593504]	-0.012624782342607466	0.011347556777905199	327.0	1.1669519436969318
125	220.5049168266951	184.05563686917412	1.0	0.0	0.0	1.0	[0.15, 0.15, 0.15, 0.15]	0.13911999827779842	0.012103344485214997	327.0	1.355080593207886
126	222.3396283153062	185.57942997442447	0.0	0.0	0.0	1.0	[0.15, 0.15, 0.15, 0.15]	1.8347114886110756	0.04269237087046231	330.0	1.5237931052503344
127	223.61955101839462	187.0947443152118	0.0	0.0	0.0	1.0	[0.15, 0.15, 0.15, 0.15]	1.2799227030884273	0.028822651232396097	333.0	1.5153143407873377
128	225.9492036044177	188.58791598485936	0.0	0.0	0.0	1.0	[0.15, 0.15, 0.15, 0.15]	2.3296525860230832	0.055065898305762494	336.0	1.49317166964755
129	228.0694190087678	190.06237938344435	0.0	0.0	0.0	1.0	[0.15, 0.15, 0.15, 0.15]	2.120215404350081	0.049829968763937436	339.0	1.4744633985849742
130	229.6790690243209	191.52116663202708	0.0	0.0	0.0	1.0	[0.15, 0.15, 0.15, 0.15]	1.609650015553125	0.03706583404401354	342.0	1.4587872485827313
131	231.8682184689155	192.9582644578937	0.0	0.0	0.0	1.0	[0.15, 0.15, 0.15, 0.15]	2.1891494445945807	0.05155331977004993	345.0	1.4370978258666245
132	234.07272800578409	194.37451381985187	0.0	0.0	0.0	1.0	[0.15, 0.15, 0.15, 0.15]	2.2045095368685823	0.051937322076899974	348.0	1.416249361958157
133	236.2858709235441	195.24831161266894	0.0	0.0	0.0	1.0	[0.15, 0.15, 0.15, 0.15]	2.213142917760028	0.052153156599186117	351.0	0.8737977928170674
134	238.81449888370074	196.5231283976661	0.0	0.0	0.0	1.0	[0.15, 0.14377030780351466, 0.15, 0.15]	2.5286279601566153	0.060559158086714145	354.0	1.2748167849971608
135	241.16122457874357	197.8529844649457	0.0	0.0	0.0	1.0	[0.15, 0.11814972142596032, 0.15, 0.15]	2.3467256950428217	0.05856096252880459	357.0	1.3298560672795965
136	242.5406286918575	199.2105484333634	0.0	0.0	0.0	1.0	[0.15, 0.10836553838029293, 0.15, 0.15]	1.379404113113936	0.035582602492896444	360.0	1.3575639684176943
137	242.74061973196947	200.0351583087328	0.0	0.0	0.0	1.0	[0.15, 0.10324209385758343, 0.15, 0.15]	0.19999104011195618	0.0067953641704351355	363.0	0.8246098753693767
138	244.71958748791758	200.8707308022884	0.0	0.0	0.0	1.0	[0.15, 0.07959817713688343, 0.15, 0.15]	1.9789677559481103	0.055321818606051655	366.0	0.8355724935555817
139	244.4622385885537	202.2924174640834	2.0	0.0	0.0	1.0	[0.15, 0.07493949116631161, 0.15, 0.15]	-0.25734889936386884	0.017247706062965877	366.0	1.4216866617949993
140	244.39883629557661	203.52244618772087	2.0	0.0	0.0	1.0	[0.15, 0.10241727055239395, 0.15, 0.15]	-0.06340229297708229	0.01311140628366774	366.0	1.2300287236374738
141	245.0952378206571	204.92791641053944	0.0	0.0	0.0	1.0	[0.15, 0.14974618252444563, 0.15, 0.15]	0.696401525080475	0.014255127619064537	369.0	1.405470222818556
142	247.2422115611574	205.9040489470728	0.0	0.0	0.0	1.0	[0.15, 0.15, 0.15, 0.15]	2.1469737405002918	0.05049892716769271	372.0	0.9761325365333444
143	249.6172523825152	207.2363135178554	0.0	0.0	0.0	1.0	[0.15, 0.15, 0.15, 0.15]	2.3750408213577976	0.05620060418913035	375.0	1.3322645707825858
144	252.16448500339936	208.73154400882055	0.0	0.0	0.0	1.0	[0.15, 0.15, 0.15, 0.15]	2.547232620884154	0.06050539917728926	378.0	1.495230490965162
145	254.39634777187587	210.2064269821939	0.0	0.0	0.0	1.0	[0.15, 0.15, 0.15, 0.15]	2.2318627684764967	0.052621152867097835	381.0	1.474882973373366
146	256.612418947538	211.2833323299983	0.0	0.0	0.0	1.0	[0.15, 0.15, 0.15, 0.15]	2.2160711756621496	0.05222636304673915	384.0	1.0769053478043964
147	259.1316199073376	212.7121009616831	0.0	0.0	0.0	1.0	[0.15, 0.15, 0.15, 0.15]	2.519200959799577	0.05980460765017483	387.0	1.4287686316847787
148	261.3216425719649	213.9218760616776	0.0	0.0	0.0	1.0	[0.15, 0.15, 0.15, 0.15]	2.190022664627269	0.05157515027086714	390.0	1.2097750999945136
149	263.5222131156643	215.15145114196267	0.0	0.0	0.0	1.0	[0.15, 0.15, 0.15, 0.15]	2.2005705436993543	0.051838847247669274	393.0	1.2295750802850502
150	265.8230935152202	216.21170156650413	0.0	0.0	0.0	1.0	[0.15, 0.15, 0.15, 0.15]	2.3008803995559246	0.05434659364408353	396.0	1.0602504245414555
151	268.0153699942726	217.52201676211743	0.0	0.0	0.0	1.0	[0.15, 0.15, 0.15, 0.1290033850322151]	2.192276479052383	0.053527165681331174	399.0	1.3103151956132881
152	270.06130092187647	218.8738578127469	0.0	0.0	0.0	1.0	[0.15, 0.15, 0.15, 0.11026314510384737]	2.0459309276038864	0.051999649841256095	402.0	1.351841050629476
153	270.0846111050765	219.64641546283906	1.0	0.0	0.0	1.0	[0.15, 0.15, 0.15, 0.12056369342447462]	0.023310183200029998	0.008045803540970528	402.0	0.7725576500921405
154	270.92522094876716	220.55630239665413	0.0	0.0	0.0	1.0	[0.15, 0.15, 0.15, 0.15]	0.8406098436906769	0.017839829747452338	405.0	0.9098869338150604
155	273.1069494551596	221.46591364502896	0.0	0.0	0.0	1.0	[0.15, 0.15, 0.15, 0.15]	2.1817285063924383	0.05136779631499637	408.0	0.9096112483748249
156	275.5528278966432	222.73867052527171	0.0	0.0	0.0	1.0	[0.15, 0.15, 0.15, 0.15]	2.4458784414835506	0.05797154469227418	411.0	1.2727568802427545
157	278.101640646718	224.18733842489672	0.0	0.0	0.0	1.0	[0.15, 0.15, 0.15, 0.15]	2.5488127500748106	0.06054490240705568	414.0	1.4486678996250058
158	280.2925556366581	225.6220596390702	0.0	0.0	0.0	1.0	[0.15, 0.15, 0.15, 0.15]	2.1909149899400924	0.05159745840368773	417.0	1.4347212141734582
159	282.47879652008794	227.02612338489777	0.0	0.0	0.0	1.0	[0.15, 0.15, 0.15, 0.15]	2.186240883429844	0.05148060574093152	420.0	1.4040637458275818
160	284.67856042063175	228.08728259894798	0.0	0.0	0.0	1.0	[0.15, 0.15, 0.15, 0.15]	2.199763900543792	0.05181868116878022	423.0	1.061159214050196
161	287.2247692762531	229.48790840064692	0.0	0.0	0.0	1.0	[0.15, 0.15, 0.15, 0.15]	2.54620885562133	0.06047980504571866	426.0	1.4006258016989244
162	289.7795158789744	231.0879084006469	0.0	0.0	0.0	0.0	[0.15, 0.15, 0.15, 0.15]	2.554746602721332	0.06069324872321872	429.0	1.6
163	290.56340930146	232.6879084006469	0.0	0.0	0.0	0.0	[0.15, 0.15, 0.15, 0.15]	0.7838934224856204	0.016421919217325925	432.0	1.6
164	291.2690263592311	234.2879084006469	0.0	0.0	0.0	0.0	[0.15, 0.15, 0.15, 0.15]	0.7056170577710453	0.014465010099461547	435.0	1.6
165	292.0363200082026	235.8879084006469	0.0	0.0	0.0	0.0	[0.15, 0.15, 0.15, 0.15]	0.7672936489715262	0.01600692487947357	438.0	1.6
166	294.0929393051703	237.4879084006469	0.0	0.0	0.0	0.0	[0.15, 0.15, 0.15, 0.15]	2.0566192969677233	0.048240066079378495	441.0	1.6
167	296.3763087247721	238.89691973270564	0.0	0.0	0.0	1.0	[0.15, 0.15, 0.15, 0.15]	2.283369419601776	0.05390881914522981	444.0	1.4090113320587492
168	298.5572742138667	240.49691973270563	0.0	0.0	0.0	0.0	[0.15, 0.15, 0.15, 0.15]	2.180965489094576	0.05134872088254981	447.0	1.6
169	300.7272996193309	242.09691973270563	0.0	0.0	0.0	0.0	[0.15, 0.15, 0.15, 0.15]	2.1700254054641843	0.05107521879179002	450.0	1.6
170	302.32211798168976	243.69691973270562	0.0	0.0	0.0	0.0	[0.15, 0.15, 0.15, 0.15]	1.5948183623588619	0.03669504271415696	453.0	1.6
171	304.6201544817933	245.11211326327833	0.0	0.0	0.0	1.0	[0.15, 0.15, 0.15, 0.15]	2.298036500103554	0.05427549615777426	456.0	1.4151935305727201
172	306.8406347829092	246.71211326327833	0.0	0.0	0.0	0.0	[0.15, 0.15, 0.15, 0.15]	2.2204803011159244	0.05233659118308353	459.0	1.6
173	308.4280697339807	248.31211326327832	0.0	0.0	0.0	0.0	[0.15, 0.15, 0.15, 0.15]	1.5874349510714723	0.03651045743197222	462.0	1.6
174	310.6894514066525	249.54413387784135	0.0	0.0	0.0	1.0	[0.15, 0.15, 0.15, 0.15]	2.2613816726717815	0.053359125471979955	465.0	1.2320206145630126
175	312.83021279934786	250.98086072153035	0.0	0.0	0.0	1.0	[0.15, 0.15, 0.15, 0.15]	2.1407613926953926	0.050343618472570226	468.0	1.4367268436890104
176	315.030583694346	252.25389837053558	0.0	0.0	0.0	1.0	[0.15, 0.13958160952878784, 0.15, 0.15]	2.200370894998094	0.05272097525520447	471.0	1.2730376490052313
177	316.990397524605	253.56582269304786	0.0	0.0	0.0	1.0	[0.15, 0.12381979085946797, 0.15, 0.15]	1.959813830259015	0.048256361340017095	474.0	1.311924322512271
178	318.77402506307243	254.92034763002593	0.0	0.0	0.0	1.0	[0.15, 0.10672964973038088, 0.15, 0.15]	1.7836275384674631	0.045905613223434595	477.0	1.3545249369780725
179	320.7512782738068	255.98035258717155	0.0	0.0	0.0	1.0	[0.15, 0.08269745419422829, 0.15, 0.15]	1.9772532107343643	0.05465033897145371	480.0	1.0600049571456294
180	320.4753779533951	256.8741929100722	2.0	0.0	0.0	1.0	[0.15, 0.07394473960161319, 0.15, 0.15]	-0.2759003204117185	0.007879610169105445	480.0	0.8938403229006462
181	320.14468940953424	258.16405511029603	2.0	0.0	0.0	1.0	[0.15, 0.06819376759761538, 0.15, 0.15]	-0.33068854386084173	0.010063796328008861	480.0	1.2898622002237996
182	319.81020652939384	259.4553912176565	2.0	0.0	0.0	1.0	[0.15, 0.06873974599727162, 0.15, 0.15]	-0.33448288014040495	0.0005551814029565406	480.0	1.2913361073604648
183	319.52727044868567	260.7225209696609	2.0	0.0	0.0	1.0	[0.15, 0.0730569516916208, 0.15, 0.15]	-0.28293608070819604	0.009197607969593185	480.0	1.267129752004381
184	319.29648111022925	262.13803660931626	2.0	0.0	0.0	1.0	[0.15, 0.07908715057029757, 0.15, 0.15]	-0.23078933845644656	0.0074029846388246135	480.0	1.4155156396554047
185	319.21486299822516	263.48482119483174	2.0	0.0	0.0	1.0	[0.15, 0.09950417964005767, 0.15, 0.15]	-0.08161811200410185	0.01192435096396316	480.0	1.3467845855154958
186	320.856053105083	264.9600491766409	0.0	0.0	0.0	1.0	[0.15, 0.12477201819082934, 0.15, 0.15]	1.641190106857823	0.040188908957307846	483.0	1.4752279818091707
187	322.32809311193455	266.42747848266436	0.0	0.0	0.0	1.0	[0.15, 0.1325706939765129, 0.15, 0.15]	1.472040006851568	0.035167675718754475	486.0	1.467429306023487
188	324.4954470461537	267.78048693013494	0.0	0.0	0.0	1.0	[0.15, 0.14130006095673986, 0.15, 0.15]	2.167353934219115	0.051742495856884535	489.0	1.3530084474706074
189	326.7623260361095	268.739077224314	0.0	0.0	0.0	1.0	[0.15, 0.15, 0.15, 0.15]	2.266878989955829	0.053496558404081136	492.0	0.9585902941790361
190	329.30803542696384	270.0556445487609	0.0	0.0	0.0	1.0	[0.15, 0.15, 0.15, 0.15]	2.545709390854305	0.060467318426543036	495.0	1.3165673244469127
191	331.8230042080731	271.3525853755154	0.0	0.0	0.0	1.0	[0.15, 0.15, 0.15, 0.15]	2.514968781109231	0.05969880318291619	498.0	1.2969408267545197
192	334.00361531159206	272.6334217391312	0.0	0.0	0.0	1.0	[0.15, 0.15, 0.15, 0.15]	2.180611103518972	0.051339861243159715	501.0	1.2808363636158204
193	336.2023287228938	273.8837884825407	0.0	0.0	0.0	1.0	[0.15, 0.15, 0.15, 0.15]	2.1987134113017692	0.051792418937729644	504.0	1.2503667434094972
194	338.4543908351486	274.76069597435776	0.0	0.0	0.0	1.0	[0.15, 0.15, 0.15, 0.15]	2.252062112254809	0.05312613646155564	507.0	0.876907491817075
195	340.99783537796714	276.19921024167866	0.0	0.0	0.0	1.0	[0.15, 0.15, 0.15, 0.15]	2.5434445428185075	0.060410697225648104	510.0	1.438514267320885
196	343.43507240288767	277.62890710097037	0.0	0.0	0.0	1.0	[0.15, 0.15, 0.15, 0.15]	2.4372370249205493	0.05775550927819915	513.0	1.4296968592917239
197	345.5625757064907	279.05163200261893	0.0	0.0	0.0	1.0	[0.15, 0.15, 0.15, 0.15]	2.127503303602997	0.05001216624526034	516.0	1.4227249016485704
198	347.77890851675096	280.091762358679	0.0	0.0	0.0	1.0	[0.15, 0.15, 0.15, 0.15]	2.216332810260283	0.05223290391169249	519.0	1.0401303560600572
199	350.3259967516962	281.49807393836494	0.0	0.0	0.0	1.0	[0.15, 0.15, 0.15, 0.15]	2.5470882349452513	0.06050178952881669	522.0	1.4063115796859487
200	352.7765639103199	283.09807393836496	0.0	0.0	0.0	0.0	[0.15, 0.15, 0.15, 0.15]	2.450567158623726	0.05808876262077857	525.0	1.6
201	354.92091616053625	284.698073938365	0.0	0.0	0.0	0.0	[0.15, 0.15, 0.15, 0.15]	2.1443522502163233	0.05043338991059349	528.0	1.6
202	357.1194310313975	286.1110632299291	0.0	0.0	0.0	1.0	[0.15, 0.15, 0.15, 0.15]	2.1985148708612465	0.05178745542671658	531.0	1.4129892915640834
203	359.6691988880334	287.7110632299291	0.0	0.0	0.0	0.0	[0.15, 0.15, 0.15, 0.15]	2.5497678566359108	0.060568780071083184	534.0	1.6
204	362.1227462768214	289.3110632299291	0.0	0.0	0.0	0.0	[0.15, 0.15, 0.15, 0.15]	2.453547388787972	0.05816326837488471	537.0	1.6
205	363.5456438535854	290.91106322992914	0.0	0.0	0.0	0.0	[0.15, 0.15, 0.15, 0.15]	1.4228975767639973	0.032397023074285346	540.0	1.6
206	365.69569572198014	292.51106322992916	0.0	0.0	0.0	0.0	[0.15, 0.15, 0.15, 0.15]	2.1500518683947676	0.0505758803650546	543.0	1.6
207	367.9045123518762	294.1110632299292	0.0	0.0	0.0	0.0	[0.15, 0.15, 0.15, 0.15]	2.2088166298960563	0.05204499940258682	546.0	1.6
208	370.30908806932644	295.7110632299292	0.0	0.0	0.0	0.0	[0.15, 0.15, 0.15, 0.15]	2.404575717450253	0.05693897659144174	549.0	1.6
209	372.54453931619446	297.31106322992923	0.0	0.0	0.0	0.0	[0.15, 0.15, 0.15, 0.15]	2.2354512468680205	0.05271086482688593	552.0	1.6
210	374.7355572836387	298.7126696731846	0.0	0.0	0.0	1.0	[0.15, 0.15, 0.15, 0.15]	2.1910179674442305	0.05160003284129117	555.0	1.401606443255369
211	377.0130931494119	299.9335288302595	0.0	0.0	0.0	1.0	[0.15, 0.15, 0.15, 0.15]	2.277535865773209	0.053762980299515636	558.0	1.220859157074862
212	379.56241125982245	301.3531982446176	0.0	0.0	0.0	1.0	[0.15, 0.15, 0.15, 0.15]	2.5493181104105798	0.060557536415449906	561.0	1.4196694143581077
213	381.7974059136885	302.78102538727774	0.0	0.0	0.0	1.0	[0.15, 0.15, 0.15, 0.15]	2.234994653866087	0.05269945000183759	564.0	1.4278271426601399
214	383.7481835666246	304.2157497269294	0.0	0.0	0.0	1.0	[0.15, 0.15, 0.15, 0.15]	1.950777652936091	0.04559402497858769	567.0	1.4347243396516838
215	385.9545296733259	305.096397725758	0.0	0.0	0.0	1.0	[0.15, 0.15, 0.15, 0.15]	2.2063461067012833	0.0519832363227175	570.0	0.8806479988285643
216	388.5014357328947	305.86363226623956	0.0	0.0	0.0	1.0	[0.15, 0.15, 0.15, 0.14851934389920302]	2.546906059568805	0.06061759687811952	573.0	0.7672345404816042
217	390.41559472490206	306.91656773058924	0.0	0.0	0.0	1.0	[0.15, 0.11578785092330895, 0.08760797743663958, 0.13921655145021491]	1.9141589920073399	0.06014496576456238	576.0	1.0529354643496478
218	390.1514378142279	308.2467631341443	0.0	0.0	0.0	1.0	[0.15, 0.05669647005682273, 0.03668642809514928, 0.08150968366864289]	-0.2641569106741555	0.051128146196989556	579.0	1.3301954035550554
219	377.99842945479276	309.5833243151871	0.0	0.0	0.0	1.0	[0.15, 0.01653991183367888, 0.002168744066269095, 0.03300666366419793]	-12.153008359435164	0.034742730319717946	582.0	1.336561181042803
220	369.66562766412267	310.5829287259959	1.0	0.0	0.0	1.0	[0.15, 0.03342315640829254, 0.005796507011182224, 0.024028751480861373]	-8.332801790670063	0.009896794797863685	582.0	0.9996044108088011
221	364.0414762575425	311.9476376119828	1.0	0.0	0.0	1.0	[0.15, 0.07742551478075219, 0.013328787602945029, 0.016354219012801045]	-5.624151406580127	0.01223633681783398	582.0	1.3647088859869592
222	360.99105927856533	313.2387597459281	1.0	0.0	0.0	1.0	[0.0956085758791908, 0.15, 0.03474634291278379, 0.022992720291705113]	-3.0504169789771933	0.014931987752066892	582.0	1.2911221339452972
223	358.6317657226757	314.4861982080412	1.0	0.0	0.0	1.0	[0.05483952100699705, 0.15, 0.05489780240952094, 0.029154895999802366]	-2.35929355588963	0.006581836983116916	582.0	1.247438462113055
224	356.61499825260603	315.8780680368975	1.0	0.0	0.0	1.0	[0.02983233207717912, 0.15, 0.08166662119866595, 0.03515909894458742]	-2.016767470069699	0.005307446463893169	582.0	1.3918698288563274
225	354.13416315775106	317.14585603441003	1.0	0.0	0.0	1.0	[0.007557025876573735, 0.15, 0.13356988337914547, 0.04221141472923244]	-2.4808350948549873	0.008619533915155549	582.0	1.2677879975125161
226	350.4030093402385	318.56736722359415	1.0	0.0	0.0	1.0	[0.0026126118912289426, 0.15, 0.15, 0.051659285431753306]	-3.731153817512573	0.007650032650402485	582.0	1.4215111891841141
227	345.8751391833613	319.94209982257485	1.0	0.0	0.0	1.0	[0.001609757888783054, 0.15, 0.15, 0.0674633162237549]	-4.527870156877217	0.00978374530295551	582.0	1.374732598980696
228	346.633320936111	321.13205886786517	0.0	0.0	0.0	1.0	[0.03798955413365187, 0.15, 0.15, 0.08974938984066971]	0.7581817527496826	0.034813181763397226	585.0	1.1899590452903077
229	347.35167640718004	322.24259641200496	0.0	0.0	0.0	1.0	[0.06497734170570799, 0.15, 0.15, 0.0965776961233273]	0.7183554710690374	0.027030395516539282	588.0	1.1105375441398113
230	347.1962230074069	323.3413923787846	0.0	0.0	0.0	1.0	[0.06926817418633938, 0.15, 0.15, 0.09733023423631196]	-0.1554533997731586	0.0044896617760462505	591.0	1.0987959667796132
231	349.1619943542516	324.4955146847177	0.0	0.0	0.0	1.0	[0.12095401021218606, 0.15, 0.15, 0.10845068103821807]	1.9657713468447127	0.05160570565864967	594.0	1.154122305933123
232	351.60834834881985	325.7090382925962	0.0	0.0	0.0	1.0	[0.15, 0.15, 0.15, 0.12245894873667779]	2.44635399456827	0.06056749113152077	597.0	1.213523607878486
233	354.0012414201331	327.0835774690843	0.0	0.0	0.0	1.0	[0.15, 0.15, 0.15, 0.13589326560098763]	2.3928930713132743	0.05787228398635804	600.0	1.3745391764880819
234	356.12125015212564	328.4390612505323	0.0	0.0	0.0	1.0	[0.15, 0.15, 0.15, 0.14656728711233877]	2.1200087319925065	0.050106624190923564	603.0	1.3554837814479908
235	358.33954388791165	329.58811880359815	0.0	0.0	0.0	1.0	[0.15, 0.15, 0.15, 0.15]	2.218293735786024	0.052281927049836016	606.0	1.1490575530658633
236	360.8898095561124	330.89790164892815	0.0	0.0	0.0	1.0	[0.15, 0.15, 0.15, 0.15]	2.550265668200786	0.060581225360205056	609.0	1.309782845330003
237	363.2849395539461	332.18420982973777	0.0	0.0	0.0	1.0	[0.15, 0.15, 0.15, 0.15]	2.3951299978337035	0.056702833601028006	612.0	1.2863081808096322
238	364.7688873808508	333.45658854694426	0.0	0.0	0.0	1.0	[0.15, 0.15, 0.15, 0.15]	1.4839478269046986	0.03392327932780288	615.0	1.2723787172064964
239	366.1776009310197	334.71632847213857	0.0	0.0	0.0	1.0	[0.15, 0.15, 0.15, 0.15]	1.4087135501688874	0.0320424224094076	618.0	1.2597399251942982
240	368.37680337075983	336.166858622242	0.0	0.0	0.0	1.0	[0.15, 0.15, 0.15, 0.15]	2.199202439740111	0.0518046446486882	621.0	1.450530150103408
241	370.6622006252411	337.41925573700786	0.0	0.0	0.0	1.0	[0.15, 0.15, 0.15, 0.15]	2.2853972544812673	0.0539595150172171	624.0	1.2523971147658957
242	373.2126343981059	338.8489362529944	0.0	0.0	0.0	1.0	[0.15, 0.15, 0.15, 0.15]	2.5504337728647513	0.06058542797680419	627.0	1.429680515986526
243	375.52995277301335	340.268643014722	0.0	0.0	0.0	1.0	[0.15, 0.15, 0.15, 0.15]	2.317318374907461	0.05475754302787193	630.0	1.419706761727595
244	376.22860373207396	341.6861217400078	0.0	0.0	0.0	1.0	[0.15, 0.15, 0.15, 0.15]	0.6986509590606197	0.014290857631700906	633.0	1.4174787252858503
245	378.2922345115934	343.097187886242	0.0	0.0	0.0	1.0	[0.15, 0.15, 0.15, 0.15]	2.0636307795194346	0.04841535314317128	636.0	1.411066146234178
246	380.47952145974233	344.1774014915541	0.0	0.0	0.0	1.0	[0.15, 0.15, 0.15, 0.15]	2.1872869481489463	0.051506757358909076	639.0	1.0802136053120872
247	383.0259466327231	345.77740149155414	0.0	0.0	0.0	0.0	[0.15, 0.15, 0.15, 0.15]	2.5464251729807943	0.06048521297970527	642.0	1.6
248	385.5590885536399	347.37740149155417	0.0	0.0	0.0	0.0	[0.15, 0.15, 0.15, 0.15]	2.5331419209168113	0.0601531316781057	645.0	1.6
249	387.8558025171076	348.9774014915542	0.0	0.0	0.0	0.0	[0.15, 0.15, 0.15, 0.15]	2.2967139634676754	0.054242432741877296	648.0	1.6
250	388.6542069893719	350.5774014915542	0.0	0.0	0.0	0.0	[0.15, 0.15, 0.15, 0.15]	0.798404472264312	0.016784695461793214	651.0	1.6
251	389.3390658903849	352.17740149155424	0.0	0.0	0.0	0.0	[0.15, 0.15, 0.15, 0.15]	0.6848589010130275	0.013946056180511103	654.0	1.6
252	389.5812966266974	353.77740149155426	0.0	0.0	0.0	0.0	[0.15, 0.15, 0.15, 0.15]	0.24223073631249348	0.0028803520629977516	657.0	1.6
253	391.80984426201616	354.83834902742825	0.0	0.0	0.0	1.0	[0.15, 0.15, 0.15, 0.15]	2.22854763531874	0.05253827453815391	660.0	1.06094753587401
254	394.27297825668484	356.4383490274283	0.0	0.0	0.0	0.0	[0.15, 0.15, 0.15, 0.15]	2.4631339946686652	0.05840293352190204	663.0	1.6
255	396.1580233946104	358.0383490274283	0.0	0.0	0.0	0.0	[0.15, 0.15, 0.15, 0.15]	1.885045137925532	0.043950712103323714	666.0	1.6
256	398.4961079991176	359.6383490274283	0.0	0.0	0.0	0.0	[0.15, 0.15, 0.15, 0.15]	2.3380846045072343	0.05527669876786627	669.0	1.6
257	399.75933003315555	361.23834902742834	0.0	0.0	0.0	0.0	[0.15, 0.15, 0.15, 0.15]	1.2632220340379394	0.0284051345061339	672.0	1.6
258	400.7076023663752	362.83834902742836	0.0	0.0	0.0	0.0	[0.15, 0.15, 0.15, 0.15]	0.9482723332196501	0.02053139198567667	675.0	1.6
259	402.50576374913805	364.4383490274284	0.0	0.0	0.0	0.0	[0.15, 0.15, 0.15, 0.15]	1.7981613827628267	0.04177861822425608	678.0	1.6
260	404.60468439653647	366.0383490274284	0.0	0.0	0.0	0.0	[0.15, 0.15, 0.15, 0.15]	2.098920647398412	0.04929759984014571	681.0	1.6
261	406.87530751952903	367.63834902742843	0.0	0.0	0.0	0.0	[0.15, 0.15, 0.15, 0.15]	2.270623122992534	0.05359016172999876	684.0	1.6
262	409.1108983019578	369.0499111465884	0.0	0.0	0.0	1.0	[0.15, 0.15, 0.15, 0.15]	2.2355907824287606	0.052714353215904425	687.0	1.4115621191599783
263	411.2588654702702	370.6499111465884	0.0	0.0	0.0	0.0	[0.15, 0.15, 0.15, 0.15]	2.1479671683124217	0.05052376286299595	690.0	1.6
264	413.3784306914922	372.24991114658843	0.0	0.0	0.0	0.0	[0.15, 0.15, 0.15, 0.15]	2.119565221221999	0.049813714185735394	693.0	1.6
265	415.6862949719425	373.84991114658845	0.0	0.0	0.0	0.0	[0.15, 0.15, 0.15, 0.15]	2.3078642804502816	0.054521190666442454	696.0	1.6
266	417.9919309873528	374.6870361131465	0.0	0.0	0.0	1.0	[0.15, 0.15, 0.15, 0.15]	2.3056360154103106	0.054465484040443185	699.0	0.8371249665580722
267	420.3044199622687	375.98568148012293	0.0	0.0	0.0	1.0	[0.15, 0.15, 0.15, 0.14177367595572235]	2.312488974915883	0.055329178877298796	702.0	1.298645366976444
268	422.4438751984251	377.351786444306	0.0	0.0	0.0	1.0	[0.15, 0.15, 0.15, 0.10941116326996032]	2.139455236156388	0.054447468963475194	705.0	1.3661049641830891
269	422.41510039909144	378.7118766128199	1.0	0.0	0.0	1.0	[0.15, 0.15, 0.15, 0.11000153720570331]	-0.02877479933362224	0.006622352259563441	705.0	1.3600901685138842
270	422.4091523595158	380.05227593953276	1.0	0.0	0.0	1.0	[0.15, 0.15, 0.15, 0.1139520461144486]	-0.005948039575638048	0.00967728688933434	705.0	1.3403993267128618
271	422.4671001931226	381.3454550258618	1.0	0.0	0.0	1.0	[0.15, 0.15, 0.15, 0.12839166729934534]	0.05794783360676482	0.009242250561586023	705.0	1.2931790863290331
272	424.4975384925811	382.6391012529305	0.0	0.0	0.0	1.0	[0.15, 0.15, 0.15, 0.14036880840224522]	2.030438299458501	0.04840219897707438	708.0	1.2936462270687532
273	426.6540115477549	383.9389774946568	0.0	0.0	0.0	1.0	[0.15, 0.15, 0.15, 0.14536561560331004]	2.1564730551738074	0.05111923940932758	711.0	1.2998762417262668
274	428.83322172539704	385.2381219759853	0.0	0.0	0.0	1.0	[0.15, 0.15, 0.15, 0.14637595786288768]	2.179210177642135	0.05160265932065132	714.0	1.2991444813284807
275	431.14794196140383	386.34166370738666	0.0	0.0	0.0	1.0	[0.15, 0.15, 0.15, 0.14690547901801956]	2.314720236006777	0.054946208607633676	717.0	1.1035417314014049
276	433.6939573251047	387.6383386300993	0.0	0.0	0.0	1.0	[0.15, 0.15, 0.15, 0.14759580698911864]	2.546015363700846	0.06067131874371277	720.0	1.2966749227126635
277	435.8610428913045	388.933654192328	0.0	0.0	0.0	1.0	[0.15, 0.15, 0.15, 0.14761553771200944]	2.1670855661998143	0.051196442897266825	723.0	1.2953155622286492
278	438.0723698232261	390.228408029937	0.0	0.0	0.0	1.0	[0.15, 0.15, 0.15, 0.1478406635981588]	2.21132693192155	0.052283891627903194	726.0	1.2947538376089764
279	440.4007031584647	391.52228836291414	0.0	0.0	0.0	1.0	[0.15, 0.15, 0.15, 0.1478901872411413]	2.3283333352385998	0.0552049689502131	729.0	1.2938803329771484
280	442.7721934557279	392.8156672296641	0.0	0.0	0.0	1.0	[0.15, 0.15, 0.15, 0.1481727224385006]	2.3714902972632284	0.05626063978216978	732.0	1.293378866749973
281	445.01002806090287	394.1087093647868	0.0	0.0	0.0	1.0	[0.15, 0.15, 0.15, 0.14848160750818767]	2.237834605174926	0.052893901595681664	735.0	1.2930421351227173
282	447.28359817335337	395.4013848590719	0.0	0.0	0.0	1.0	[0.15, 0.15, 0.15, 0.14842964815182255]	2.273570112450475	0.053791547320667564	738.0	1.2926754942851146
283	449.583644081013	396.6933863760048	0.0	0.0	0.0	1.0	[0.15, 0.15, 0.15, 0.14828874720290577]	2.30004590765966	0.054465000223671074	741.0	1.2920015169328634
284	451.859470451365	397.98546078537214	0.0	0.0	0.0	1.0	[0.15, 0.15, 0.15, 0.14794126342293373]	2.2758263703519783	0.05388808622280711	744.0	1.2920744093673533
285	454.1333579926515	399.2778372040879	0.0	0.0	0.0	1.0	[0.15, 0.15, 0.15, 0.1472791493478254]	2.273887541286504	0.05389434240080117	747.0	1.292376418715775
286	456.4158388099374	400.57084697020844	0.0	0.0	0.0	1.0	[0.15, 0.15, 0.15, 0.14692124483244717]	2.282480817285912	0.05413891074104902	750.0	1.293009766120536
287	458.683146604206	401.8642896490836	0.0	0.0	0.0	1.0	[0.15, 0.15, 0.15, 0.1462207961025369]	2.2673077942686155	0.05381809744481909	753.0	1.2934426788751563
288	460.94558941713774	403.15843964832584	0.0	0.0	0.0	1.0	[0.15, 0.15, 0.15, 0.14569971227252226]	2.2624428129317247	0.053740275303214145	756.0	1.294149999242216
289	463.22752555269267	404.453065838576	0.0	0.0	0.0	1.0	[0.15, 0.15, 0.15, 0.1451862462652556]	2.2819361355549326	0.05427100086966383	759.0	1.2946261902501441
290	465.4645950218214	405.7494606513433	0.0	0.0	0.0	1.0	[0.15, 0.15, 0.15, 0.14588372507198757]	2.237069469128733	0.05309044675961574	762.0	1.2963948127673197
291	467.72120329349315	407.0463757783736	0.0	0.0	0.0	1.0	[0.15, 0.15, 0.15, 0.14590659769559686]	2.2566082716717375	0.05357699286366053	765.0	1.2969151270302617
292	469.99462170833687	408.34301024315556	0.0	0.0	0.0	1.0	[0.15, 0.15, 0.15, 0.145791322420949]	2.2734184148437357	0.054006947576514495	768.0	1.2966344647819346
293	472.2306504781336	409.63971350508336	0.0	0.0	0.0	1.0	[0.15, 0.15, 0.15, 0.14633631856929627]	2.236028769796755	0.05302644269296462	771.0	1.2967032619278158
294	474.5146384582406	410.93603967382364	0.0	0.0	0.0	1.0	[0.15, 0.15, 0.15, 0.1460853804177547]	2.2839879801069722	0.05424646261349322	774.0	1.296326168740285
295	476.8370022941108	412.23255048138435	0.0	0.0	0.0	1.0	[0.15, 0.15, 0.15, 0.14534336127508682]	2.3223638358702012	0.05526839133188107	777.0	1.2965108075607272
296	479.03642955907304	413.5296559924249	0.0	0.0	0.0	1.0	[0.15, 0.15, 0.15, 0.1448781551840042]	2.1994272649622704	0.052234426236751966	780.0	1.2971055110405434
297	481.2393356395366	414.45230387627544	0.0	0.0	0.0	1.0	[0.15, 0.15, 0.15, 0.14425213239937615]	2.2029060804635616	0.052374783844011015	783.0	0.9226478838505228
298	483.7653406681578	415.7511311257614	0.0	0.0	0.0	1.0	[0.15, 0.15, 0.15, 0.14363677602608452]	2.526005028621232	0.060505074923518365	786.0	1.2988272494859636
299	486.23931456241047	417.05102194150555	0.0	0.0	0.0	1.0	[0.15, 0.15, 0.15, 0.14329298689640824]	2.473973894252648	0.05923395275770135	789.0	1.299890815744171
300	487.6593258659596	418.35332926817284	0.0	0.0	0.0	1.0	[0.15, 0.15, 0.15, 0.1419541655976648]	1.4200113035491153	0.03300140327194029	792.0	1.3023073266673126
301	487.8719756944974	419.6552861759554	0.0	0.0	0.0	1.0	[0.15, 0.15, 0.15, 0.14212902215139506]	0.21264982853779069	0.0028020555222973195	795.0	1.3019569077825495
302	490.0709840283721	420.5954866265765	0.0	0.0	0.0	1.0	[0.15, 0.15, 0.15, 0.14165835738410593]	2.199008333874682	0.0525022952477387	798.0	0.9402004506210857
303	492.58975503993986	421.8991621646276	0.0	0.0	0.0	1.0	[0.15, 0.15, 0.15, 0.1413839628339225]	2.518771011567793	0.06052052152347604	801.0	1.3036755380511784
304	494.83211006981514	423.2034464104824	0.0	0.0	0.0	1.0	[0.15, 0.15, 0.15, 0.14042700424229396]	2.242355029875271	0.05369493171781423	804.0	1.3042842458547728
305	495.43370266290134	424.5080178858556	0.0	0.0	0.0	1.0	[0.15, 0.15, 0.15, 0.13988683682724903]	0.6015925930862096	0.012724126523744217	807.0	1.3045714753732311
306	497.5933111830812	425.81453679334453	0.0	0.0	0.0	1.0	[0.15, 0.15, 0.15, 0.13874933652202823]	2.1596085201798796	0.05177706299193294	810.0	1.3065189074889068
307	499.8058750251608	426.7532775929586	0.0	0.0	0.0	1.0	[0.15, 0.15, 0.15, 0.138031764281645]	2.212563842079596	0.053166281518472636	813.0	0.9387407996141007
308	502.30405217183124	428.06299013914605	0.0	0.0	0.0	1.0	[0.15, 0.15, 0.15, 0.13711442727411943]	2.49817714667043	0.06039088412411391	816.0	1.3097125461874457
309	504.7477506420528	429.3744334300535	0.0	0.0	0.0	1.0	[0.15, 0.15, 0.15, 0.1363698768286711]	2.4436984702215314	0.059097938619317295	819.0	1.311443290907432
310	506.8417095946287	430.6689985980353	0.0	0.0	0.0	1.0	[0.15, 0.15, 0.15, 0.13579299841522904]	2.0939589525759104	0.0504083183809706	822.0	1.2945651679817742
311	509.01928980992886	431.6037864430242	0.0	0.0	0.0	1.0	[0.15, 0.15, 0.15, 0.1347424246820502]	2.177580215300162	0.05259783752707066	825.0	0.9347878449889327
312	511.5121745765749	432.9199822938561	0.0	0.0	0.0	1.0	[0.15, 0.15, 0.15, 0.13368053890593903]	2.492884766646054	0.060581688207732	828.0	1.3161958508319
313	513.9537478827183	434.21965717875315	0.0	0.0	0.0	1.0	[0.15, 0.15, 0.15, 0.1328657916577]	2.4415733061434057	0.05937739862128872	831.0	1.2996748848970672
314	516.0528470968528	435.5396234580413	0.0	0.0	0.0	1.0	[0.15, 0.15, 0.15, 0.13263001060699706]	2.099099214134536	0.0508383975151372	834.0	1.3199662792881566
315	518.1747116571197	436.8607468695914	0.0	0.0	0.0	1.0	[0.15, 0.15, 0.15, 0.131974016404785]	2.1218645602669364	0.051471430051883385	837.0	1.3211234115500967
316	520.3614420110457	437.81218614017894	0.0	0.0	0.0	1.0	[0.15, 0.15, 0.15, 0.13135910185418603]	2.1867303539260297	0.053153406418108014	840.0	0.9514392705875074
317	522.8372853196029	439.1354500022955	0.0	0.0	0.0	1.0	[0.15, 0.15, 0.15, 0.1305383512270603]	2.4758433085571228	0.0604624204165012	843.0	1.3232638621165604
318	525.2160727350058	440.460293032301	0.0	0.0	0.0	1.0	[0.15, 0.15, 0.15, 0.12994797302235853]	2.378787415402928	0.05809489939902122	846.0	1.3248430300055472
319	527.1255652538744	441.78817959825574	0.0	0.0	0.0	1.0	[0.15, 0.15, 0.15, 0.12876014432689853]	1.9094925188685072	0.04648220950585951	849.0	1.3278865659547132
320	529.2514868042766	443.11695659484224	0.0	0.0	0.0	1.0	[0.15, 0.15, 0.15, 0.12820894356572748]	2.125921550402227	0.05194903699236224	852.0	1.3287769965865244
321	531.4379058833402	444.058193843444	0.0	0.0	0.0	1.0	[0.15, 0.15, 0.15, 0.12755672782740674]	2.18641907906365	0.05352832744424878	855.0	0.9412372486017366
322	533.8728238513437	444.9245298265436	0.0	0.0	0.0	1.0	[0.15, 0.15, 0.14348027127265592, 0.12694769242333068]	2.434917968003428	0.06061946980249872	858.0	0.8663359830996351
323	535.4703092035381	445.8415661312544	0.0	0.0	0.0	1.0	[0.15, 0.12831474983672544, 0.08643782077894308, 0.12523219375804623]	1.597485352194444	0.05253500972615707	861.0	0.9170363047107932
324	535.1107387579835	446.74265107115184	1.0	0.0	0.0	1.0	[0.15, 0.14520437807744094, 0.09183262578296512, 0.12898959108173963]	-0.35957044555462503	0.008982701863533886	861.0	0.9010849398974059
325	534.7248100510606	447.6463405099285	1.0	0.0	0.0	1.0	[0.15, 0.15, 0.09389467598748127, 0.11498914535988077]	-0.385928706922963	0.008008326926190922	861.0	0.9036894387766807
326	534.3246047723295	448.5501266540235	1.0	0.0	0.0	1.0	[0.15, 0.15, 0.09985505268639625, 0.10178907765265871]	-0.4002052787309947	0.00762165645740492	861.0	0.9037861440949603
327	533.7873645409359	449.74339102417207	1.0	0.0	0.0	1.0	[0.07125346420901636, 0.15, 0.11698891974583572, 0.09245716595775555]	-0.5372402313936484	0.011267533848437193	861.0	1.1932643701485746
328	532.9376716057169	450.95567012814183	1.0	0.0	0.0	1.0	[0.024279853574464133, 0.15, 0.15, 0.09184356283302147]	-0.8496929352189126	0.01162450334377363	861.0	1.212279103969753
329	533.6364451613115	451.9741658959495	0.0	0.0	0.0	1.0	[0.03959474540727048, 0.15, 0.15, 0.07836721629951053]	0.6987735555945407	0.03503098593054371	864.0	1.0184957678076938
330	534.9057325919067	453.1314611844768	0.0	0.0	0.0	1.0	[0.08181461657673665, 0.15, 0.15, 0.05759567053416096]	1.2692874305952548	0.04769951399701846	867.0	1.1572952885272607
331	534.2767559119534	454.2599993549938	1.0	0.0	0.0	1.0	[0.08322713893427339, 0.15, 0.15, 0.05736526099552299]	-0.6289766799532773	0.007264828052819431	867.0	1.128538170517023
332	533.7599262180303	455.3962360498857	1.0	0.0	0.0	1.0	[0.06797929900188034, 0.15, 0.15, 0.0729978266884148]	-0.5168296939231667	0.010881975313145994	867.0	1.1362366948919376
333	533.4349840598597	456.4874451253744	1.0	0.0	0.0	1.0	[0.06765179739012839, 0.15, 0.15, 0.09852449690015262]	-0.32494215817047534	0.011250952652215845	867.0	1.0912090754886763
334	534.8565028976699	457.66231594744283	0.0	0.0	0.0	1.0	[0.10819586428468082, 0.15, 0.15, 0.13902809668698016]	1.421518837810114	0.035447195074812365	870.0	1.1748708220684643
335	536.2540718219906	458.7475371174869	0.0	0.0	0.0	1.0	[0.1404135165145739, 0.15, 0.15, 0.15]	1.3975689243206801	0.032170143687171124	873.0	1.0852211700440364
336	537.5308241481297	459.75265444936855	0.0	0.0	0.0	1.0	[0.15, 0.15, 0.15, 0.15]	1.2767523261391012	0.028743391808662942	876.0	1.005117331881669
337	539.7051743361942	461.0700753290525	0.0	0.0	0.0	1.0	[0.15, 0.15, 0.15, 0.15]	2.174350188064492	0.05118333835679771	879.0	1.317420879683961
338	541.8860283036989	462.56972322292717	0.0	0.0	0.0	1.0	[0.15, 0.15, 0.15, 0.15]	2.180853967504761	0.05134593284280444	882.0	1.4996478938746969
339	544.0873651160271	463.6997992436776	0.0	0.0	0.0	1.0	[0.15, 0.15, 0.15, 0.15]	2.201336812328118	0.05185800396338836	885.0	1.1300760207504204
340	546.6286333342574	465.16278191439557	0.0	0.0	0.0	1.0	[0.15, 0.15, 0.15, 0.15]	2.5412682182304125	0.06035628911094573	888.0	1.4629826707179452
341	548.8552538212402	466.4062273876368	0.0	0.0	0.0	1.0	[0.15, 0.15, 0.15, 0.15]	2.2266204869827777	0.052490095829754856	891.0	1.2434454732412532
342	550.0710912549512	467.6482663919543	0.0	0.0	0.0	1.0	[0.15, 0.15, 0.15, 0.15]	1.2158374337108804	0.027220519497957424	894.0	1.2420390043174598
343	551.6632858555681	469.06951976577403	0.0	0.0	0.0	1.0	[0.15, 0.15, 0.15, 0.15]	1.592194600616939	0.03662944867060889	897.0	1.4212533738197344
344	552.3441546476938	470.48409246630297	0.0	0.0	0.0	1.0	[0.15, 0.15, 0.15, 0.15]	0.6808687921257163	0.01384630345832832	900.0	1.4145727005289555
345	554.5591949793146	471.8902347405014	0.0	0.0	0.0	1.0	[0.15, 0.15, 0.15, 0.15]	2.2150403316207545	0.05220059194570428	903.0	1.4061422741984035
346	556.855110768034	473.4902347405014	0.0	0.0	0.0	0.0	[0.15, 0.15, 0.15, 0.15]	2.295915788719396	0.05422247837317031	906.0	1.6
347	559.1352903416114	475.09023474050144	0.0	0.0	0.0	0.0	[0.15, 0.15, 0.15, 0.15]	2.2801795735773096	0.05382907299461815	909.0	1.6
348	561.3674681965537	476.69023474050147	0.0	0.0	0.0	0.0	[0.15, 0.15, 0.15, 0.15]	2.2321778549422917	0.05262903002874271	912.0	1.6
349	563.6400313628959	478.2902347405015	0.0	0.0	0.0	0.0	[0.15, 0.15, 0.15, 0.15]	2.27256316634225	0.05363866281374167	915.0	1.6
350	565.9347018176912	479.69275584993045	0.0	0.0	0.0	1.0	[0.15, 0.15, 0.15, 0.15]	2.294670454795359	0.05419134502506939	918.0	1.4025211094289807
351	568.2177024745506	481.2927558499305	0.0	0.0	0.0	0.0	[0.15, 0.15, 0.15, 0.15]	2.2830006568594023	0.05389960007667047	921.0	1.6
352	570.4980614112272	482.8927558499305	0.0	0.0	0.0	0.0	[0.15, 0.15, 0.15, 0.15]	2.280358936676632	0.05383355707210121	924.0	1.6
353	572.7413660883789	484.4927558499305	0.0	0.0	0.0	0.0	[0.15, 0.15, 0.15, 0.15]	2.243304677151634	0.05290720058397627	927.0	1.6
354	575.0138929618054	486.09275584993054	0.0	0.0	0.0	0.0	[0.15, 0.15, 0.15, 0.15]	2.2725268734264743	0.05363775549084727	930.0	1.6
355	577.290164653926	487.69275584993056	0.0	0.0	0.0	0.0	[0.15, 0.15, 0.15, 0.15]	2.276271692120672	0.05373137595820221	933.0	1.6
356	579.5446330718758	489.2927558499306	0.0	0.0	0.0	0.0	[0.15, 0.15, 0.15, 0.15]	2.2544684179497776	0.05318629410392985	936.0	1.6
357	581.8428657092314	490.8927558499306	0.0	0.0	0.0	0.0	[0.15, 0.15, 0.15, 0.15]	2.298232637355707	0.054280399589078085	939.0	1.6
358	584.1086114391129	492.49275584993063	0.0	0.0	0.0	0.0	[0.15, 0.15, 0.15, 0.15]	2.265745729881427	0.05346822690222109	942.0	1.6
359	586.353078889885	494.09275584993065	0.0	0.0	0.0	0.0	[0.15, 0.15, 0.15, 0.15]	2.2444674507720808	0.05293626992448743	945.0	1.6
360	588.6314774776489	495.6927558499307	0.0	0.0	0.0	0.0	[0.15, 0.15, 0.15, 0.15]	2.278398587763952	0.05378454834928421	948.0	1.6
361	590.9024556575063	497.2927558499307	0.0	0.0	0.0	0.0	[0.15, 0.15, 0.15, 0.15]	2.2709781798573636	0.0535990381516195	951.0	1.6
362	593.1516206363387	498.8927558499307	0.0	0.0	0.0	0.0	[0.15, 0.15, 0.15, 0.15]	2.2491649788324874	0.0530537081259976	954.0	1.6
363	595.4277087913962	500.49275584993075	0.0	0.0	0.0	0.0	[0.15, 0.15, 0.15, 0.15]	2.2760881550574275	0.0537267875316211	957.0	1.6
364	597.7019334823191	502.09275584993077	0.0	0.0	0.0	0.0	[0.15, 0.15, 0.15, 0.15]	2.2742246909229	0.05368020092825792	960.0	1.6
365	599.9612136425438	503.6927558499308	0.0	0.0	0.0	0.0	[0.15, 0.15, 0.15, 0.15]	2.2592801602248076	0.0533065876608056	963.0	1.6
366	602.2368720225007	505.2927558499308	0.0	0.0	0.0	0.0	[0.15, 0.15, 0.15, 0.15]	2.27565837995686	0.05371604315410691	966.0	1.6
367	604.5038712016757	506.89275584993084	0.0	0.0	0.0	0.0	[0.15, 0.15, 0.15, 0.15]	2.2669991791749657	0.05349956313455956	969.0	1.6
368	606.7456663073763	508.49275584993086	0.0	0.0	0.0	0.0	[0.15, 0.15, 0.15, 0.15]	2.2417951057005454	0.05286946129769905	972.0	1.6
369	609.0340762532394	509.91250966582425	0.0	0.0	0.0	1.0	[0.15, 0.15, 0.15, 0.15]	2.2884099458631595	0.0540348323017644	975.0	1.4197538158933973
370	611.2698034843768	511.2478030958599	0.0	0.0	0.0	1.0	[0.15, 0.15, 0.15, 0.13619795626373551]	2.2357272311373526	0.053914675421660646	978.0	1.3352934300356711
371	613.1761202439197	512.6121030978833	0.0	0.0	0.0	1.0	[0.15, 0.15, 0.15, 0.08418291698254972]	1.9063167595429142	0.052588018291028084	981.0	1.364300002023396
372	613.0079817641862	513.5608973721145	1.0	0.0	0.0	1.0	[0.15, 0.15, 0.15, 0.08706833695800542]	-0.1681384797335405	0.00746907423821713	981.0	0.9487942742311848
373	613.1468709240606	514.9676479730363	1.0	0.0	0.0	1.0	[0.15, 0.15, 0.15, 0.15]	0.1388891598744716	0.011872506081888164	981.0	1.4067506009217332
374	613.7623814058991	516.5676479730363	0.0	0.0	0.0	0.0	[0.15, 0.15, 0.15, 0.15]	0.6155104818384407	0.012212345701146432	984.0	1.6
375	615.9008776945162	517.5936307905714	0.0	0.0	0.0	1.0	[0.15, 0.15, 0.15, 0.15]	2.138496288617157	0.050286990870614334	987.0	1.02598281753516
376	618.4490934197244	519.0151201737334	0.0	0.0	0.0	1.0	[0.15, 0.15, 0.15, 0.15]	2.5482157252081126	0.06052997678538823	990.0	1.4214893831620365
377	620.9967660274974	520.488707149618	0.0	0.0	0.0	1.0	[0.15, 0.15, 0.15, 0.15]	2.547672607773077	0.06051639884951235	993.0	1.473586975884609
378	622.7497890560186	521.9340820966092	0.0	0.0	0.0	1.0	[0.15, 0.15, 0.15, 0.15]	1.753023028521126	0.04065015936821356	996.0	1.4453749469912975
379	624.0159209051136	523.3548959803567	0.0	0.0	0.0	1.0	[0.15, 0.15, 0.15, 0.15]	1.2661318490950566	0.028477879882561827	999.0	1.4208138837473765
380	626.1812622466562	524.9548959803567	0.0	0.0	0.0	0.0	[0.15, 0.15, 0.15, 0.15]	2.16534134154256	0.050958117193749417	1002.0	1.6
381	628.3458323579956	526.5548959803567	0.0	0.0	0.0	0.0	[0.15, 0.15, 0.15, 0.15]	2.164570111339481	0.05093883643867244	1005.0	1.6
382	630.6001034812771	527.5915629181833	0.0	0.0	0.0	1.0	[0.15, 0.15, 0.15, 0.15]	2.2542711232814643	0.05318136173722202	1008.0	1.0366669378265394
383	633.1418193452197	529.1915629181833	0.0	0.0	0.0	0.0	[0.15, 0.15, 0.15, 0.15]	2.5417158639425805	0.060367480253749925	1011.0	1.6
384	635.6666157502079	530.6016725975921	0.0	0.0	0.0	1.0	[0.15, 0.15, 0.15, 0.15]	2.5247964049882836	0.059944493779892506	1014.0	1.41010967940884
385	637.7602048077905	532.0595915333129	0.0	0.0	0.0	1.0	[0.15, 0.15, 0.1420810642792706, 0.15]	2.0935890575826046	0.050162444071335174	1017.0	1.4579189357207296
386	639.5741747207184	532.685125103524	0.0	0.0	0.0	1.0	[0.15, 0.15, 0.09173120196038322, 0.15]	1.8139699129278175	0.052295180268285224	1020.0	0.6255335702111411
387	639.091990685094	533.5651949097088	1.0	0.0	0.0	1.0	[0.15, 0.15, 0.0737298308392805, 0.15]	-0.4821840356243845	0.010006732873144124	1020.0	0.8800698061847704
388	639.0738240436924	534.7674257212132	1.0	0.0	0.0	1.0	[0.15, 0.15, 0.15, 0.11068464256909666]	-0.01816664140154548	0.013736100217827197	1020.0	1.2022308115043754
389	638.8434602242422	536.219043823676	1.0	0.0	0.0	1.0	[0.15, 0.15, 0.15, 0.07807436710765842]	-0.23036381945019133	0.016449447527869164	1020.0	1.4516181024628052
390	638.5631144129944	537.7460032285778	1.0	0.0	0.0	1.0	[0.15, 0.15, 0.15, 0.07304059509810892]	-0.28034581124785496	0.011943214369545064	1020.0	1.5269594049018913
391	638.5774739724621	539.2281360327338	1.0	0.0	0.0	1.0	[0.15, 0.15, 0.15, 0.11786719584405332]	0.01435955946769433	0.0113791072229558	1020.0	1.4821328041559467
392	640.6317479165368	540.8281360327338	0.0	0.0	0.0	0.0	[0.15, 0.15, 0.15, 0.15]	2.054273944074695	0.04818143225705279	1023.0	1.6
393	641.5152579471024	542.4281360327338	0.0	0.0	0.0	0.0	[0.15, 0.15, 0.15, 0.15]	0.8835100305656136	0.018912334419325754	1026.0	1.6
394	642.721805272932	544.0281360327339	0.0	0.0	0.0	0.0	[0.15, 0.15, 0.15, 0.15]	1.206547325829514	0.026988266800923266	1029.0	1.6
395	644.0452221628653	545.4333954832815	0.0	0.0	0.0	1.0	[0.15, 0.15, 0.15, 0.15]	1.3234168899333874	0.029910005903520095	1032.0	1.4052594505476068
396	645.9268863108238	546.8712364630657	0.0	0.0	0.0	1.0	[0.15, 0.15, 0.15, 0.15]	1.8816641479584288	0.04386618735414614	1035.0	1.4378409797841485
397	648.0858933052382	548.3601242664055	0.0	0.0	0.0	1.0	[0.15, 0.15, 0.15, 0.15]	2.159006994414472	0.050799758515547216	1038.0	1.4888878033398725
398	649.6457922441757	549.8534331695602	0.0	0.0	0.0	1.0	[0.15, 0.15, 0.15, 0.15]	1.5598989389375195	0.0358220571286234	1041.0	1.4933089031546785
399	651.8527355968539	550.9570328371327	0.0	0.0	0.0	1.0	[0.15, 0.15, 0.15, 0.15]	2.2069433526782065	0.05199816747214058	1044.0	1.103599667572608
400	654.2773978085152	552.5570328371327	0.0	0.0	0.0	0.0	[0.15, 0.15, 0.15, 0.15]	2.424662211661298	0.057441138946717867	1047.0	1.6
401	655.2548694803202	554.1570328371328	0.0	0.0	0.0	0.0	[0.15, 0.15, 0.15, 0.15]	0.9774716718050392	0.021261375450311395	1050.0	1.6
402	655.9474639642145	555.7570328371328	0.0	0.0	0.0	0.0	[0.15, 0.15, 0.15, 0.15]	0.6925944838943958	0.014139445752545311	1053.0	1.6
403	656.6661988054093	557.3570328371328	0.0	0.0	0.0	0.0	[0.15, 0.15, 0.15, 0.15]	0.7187348411947047	0.01479295468505303	1056.0	1.6
404	658.9276922786473	558.4018510987636	0.0	0.0	0.0	1.0	[0.15, 0.15, 0.15, 0.15]	2.261493473238077	0.05336192048613734	1059.0	1.0448182616307418
405	661.4701665157082	560.0018510987636	0.0	0.0	0.0	0.0	[0.15, 0.15, 0.15, 0.15]	2.542474237060883	0.06038643958170748	1062.0	1.6
406	663.9474652702582	561.6018510987636	0.0	0.0	0.0	0.0	[0.15, 0.15, 0.15, 0.15]	2.4772987545500045	0.058757052518935524	1065.0	1.6
407	665.4982785966745	563.2018510987637	0.0	0.0	0.0	0.0	[0.15, 0.15, 0.15, 0.15]	1.5508133264162096	0.035594916815590655	1068.0	1.6
408	667.4080332090771	564.2697671012121	0.0	0.0	0.0	1.0	[0.15, 0.15, 0.15, 0.15]	1.9097546124025375	0.04456844896524885	1071.0	1.0679160024484067
409	669.4469024725304	564.9503354042171	0.0	0.0	0.0	1.0	[0.15, 0.1277773272993477, 0.13593975499738226, 0.15]	2.038869263453277	0.05164845015107773	1074.0	0.6805683030049824
410	670.8221535081776	566.2295215159006	0.0	0.0	0.0	1.0	[0.15, 0.06498260681547163, 0.07044251045737354, 0.15]	1.3752510356471976	0.060451237385005796	1077.0	1.279186111683597
411	668.4279408206983	567.6024969785318	0.0	0.0	0.0	1.0	[0.15, 0.018549926577232558, 0.021097833139078644, 0.11742345269433674]	-2.3942126874793317	0.04525512021274544	1080.0	1.372975462631174
412	662.1766535113243	568.7068196391537	0.0	0.0	0.0	1.0	[0.15, 0.013107156127299792, 0.009095792093640928, 0.06744243849709038]	-6.25128730937395	0.021257219581477922	1083.0	1.1043226606218526
413	654.535005574644	570.2102847779631	1.0	0.0	0.0	1.0	[0.15, 0.028996662142178473, 0.006795618888154341, 0.030610552699240765]	-7.641647936680376	0.011553248971755718	1083.0	1.5034651388094438
414	648.581601535468	571.6725169761016	1.0	0.0	0.0	1.0	[0.15, 0.0649278524537518, 0.011654230752394466, 0.01794359623081203]	-5.953404039175853	0.012397266914904219	1083.0	1.4622321981384747
415	645.3791829571965	572.9424549400698	1.0	0.0	0.0	1.0	[0.15, 0.15, 0.03081130737843982, 0.021471194306065085]	-3.2024185782716046	0.013696962589719258	1083.0	1.2699379639681365
416	643.2367269519691	574.293846730445	1.0	0.0	0.0	1.0	[0.15, 0.15, 0.05142267425497472, 0.028589334767632476]	-2.1424560052273884	0.008281876028486353	1083.0	1.351391790375204
417	641.9266422153042	575.724637964	1.0	0.0	0.0	1.0	[0.15, 0.15, 0.0881338938614078, 0.03611508596470983]	-1.3100847366648214	0.010302175579156692	1083.0	1.4307912335549
418	641.0582277747495	577.0997849255024	1.0	0.0	0.0	1.0	[0.15, 0.15, 0.1270211145440265, 0.041456806053775226]	-0.8684144405547665	0.003997502377338028	1083.0	1.3751469615024434
419	640.4521349075666	578.4181602038159	1.0	0.0	0.0	1.0	[0.15, 0.15, 0.15, 0.04816558286404157]	-0.6060928671829986	0.00733298958483439	1083.0	1.31837527831352
420	640.099658762285	579.7586365528831	1.0	0.0	0.0	1.0	[0.15, 0.15, 0.15, 0.06606847694735668]	-0.3524761452815471	0.011190240008904288	1083.0	1.3404763490671963
421	640.0253928975253	581.0953994272772	1.0	0.0	0.0	1.0	[0.1275691908742139, 0.15, 0.15, 0.10811760113476292]	-0.07426586475964767	0.011779238799386948	1083.0	1.3367628743941047
422	639.6609016639512	582.6553542783274	1.0	0.0	0.0	1.0	[0.036440933866289604, 0.15, 0.15, 0.15]	-0.36449123357413127	0.00658410575173064	1083.0	1.5599548510502317
423	641.0168110910475	584.1763215299931	0.0	0.0	0.0	1.0	[0.05844073437657197, 0.15, 0.15, 0.15]	1.3559094270963281	0.03800949815578506	1086.0	1.5209672516656436
424	642.5677391281728	585.6438210455815	0.0	0.0	0.0	1.0	[0.09068177073111332, 0.15, 0.15, 0.15]	1.5509280371252319	0.03906086426581524	1089.0	1.4674995155884398
425	644.7230033407589	587.0362914620952	0.0	0.0	0.0	1.0	[0.13634544047626504, 0.15, 0.15, 0.15]	2.155264212586058	0.051297773013784645	1092.0	1.3924704165136406
426	647.2047665399207	588.3399246388857	0.0	0.0	0.0	1.0	[0.15, 0.15, 0.15, 0.15]	2.4817631991618767	0.05886866363423233	1095.0	1.3036331767905178
427	649.5677125137571	589.7981916521725	0.0	0.0	0.0	1.0	[0.15, 0.15, 0.15, 0.15]	2.3629459738363905	0.05589823300109518	1098.0	1.4582670132868232
428	650.9128526547734	591.2367366755221	0.0	0.0	0.0	1.0	[0.15, 0.15, 0.15, 0.15]	1.345140141016259	0.03045308718059189	1101.0	1.4385450233496644
429	653.0933085070374	592.2789332470109	0.0	0.0	0.0	1.0	[0.15, 0.15, 0.15, 0.15]	2.180455852264048	0.05133597996178662	1104.0	1.0421965714886676
430	655.6389310932515	593.8789332470109	0.0	0.0	0.0	0.0	[0.15, 0.15, 0.15, 0.15]	2.545622586214127	0.060465148310538584	1107.0	1.6
431	658.1816678049427	595.4789332470109	0.0	0.0	0.0	0.0	[0.15, 0.15, 0.15, 0.15]	2.5427367116912163	0.060393001447465816	1110.0	1.6
432	660.3703887961819	597.0789332470109	0.0	0.0	0.0	0.0	[0.15, 0.15, 0.15, 0.15]	2.188720991239317	0.051542608436168334	1113.0	1.6
433	662.5728574090945	598.678933247011	0.0	0.0	0.0	0.0	[0.15, 0.15, 0.15, 0.15]	2.202468612912582	0.05188629897799997	1116.0	1.6
434	664.7894450804381	599.7230602107086	0.0	0.0	0.0	1.0	[0.15, 0.15, 0.15, 0.15]	2.2165876713436883	0.05223927543877763	1119.0	1.0441269636976154
435	667.3366882450689	601.3230602107086	0.0	0.0	0.0	0.0	[0.15, 0.15, 0.15, 0.15]	2.5472431646307556	0.06050566277095431	1122.0	1.6
436	669.5447055042033	602.9230602107086	0.0	0.0	0.0	0.0	[0.15, 0.15, 0.15, 0.15]	2.208017259134381	0.05202501513354494	1125.0	1.6
437	671.7381420866592	604.5230602107086	0.0	0.0	0.0	0.0	[0.15, 0.15, 0.15, 0.15]	2.193436582455871	0.05166049821658218	1128.0	1.6
438	673.9684392456436	605.563546406331	0.0	0.0	0.0	1.0	[0.15, 0.15, 0.15, 0.15]	2.2302971589843708	0.05258201262979468	1131.0	1.0404861956224098
439	676.5125137903431	607.1635464063311	0.0	0.0	0.0	0.0	[0.15, 0.15, 0.15, 0.15]	2.5440745446994835	0.0604264472726725	1134.0	1.6
440	678.7757089952205	608.7635464063311	0.0	0.0	0.0	0.0	[0.15, 0.15, 0.15, 0.15]	2.2631952048774275	0.0534044637771211	1137.0	1.6
441	679.5849227964496	610.1702254725734	0.0	0.0	0.0	1.0	[0.15, 0.15, 0.15, 0.15]	0.809213801229085	0.01705492868591254	1140.0	1.406679066242351
442	680.8236812825492	611.4022693434026	0.0	0.0	0.0	1.0	[0.15, 0.15, 0.15, 0.15]	1.2387584860994996	0.027793545807672904	1143.0	1.2320438708292678
443	682.1452158425747	612.6893801258047	0.0	0.0	0.0	1.0	[0.15, 0.15, 0.15, 0.15]	1.3215345600254675	0.029862947655822102	1146.0	1.2871107824020722
444	683.8420797167165	613.9614983581889	0.0	0.0	0.0	1.0	[0.15, 0.15, 0.1207391097776681, 0.10423909489748438]	1.6968638741418263	0.048238595809897984	1149.0	1.2721182323842084
445	683.6801878803179	614.8879889074083	1.0	0.0	0.0	1.0	[0.15, 0.15, 0.12494305455517526, 0.11075519724679486]	-0.16189183639861035	0.008635852796096166	1149.0	0.9264905492193491
446	683.4551525777272	615.9585179954848	1.0	0.0	0.0	1.0	[0.15, 0.15, 0.11915568306644875, 0.10637967964980723]	-0.22503530259075355	0.0066199626982504966	1149.0	1.0705290880765737
447	683.1990461293873	617.0379201085777	1.0	0.0	0.0	1.0	[0.15, 0.15, 0.11706532180768366, 0.10392224767373193]	-0.2561064483399472	0.0035477778458156135	1149.0	1.07940211309286
448	683.0002700473734	618.3037152098182	1.0	0.0	0.0	1.0	[0.15, 0.15, 0.12444977207428104, 0.10524301589078773]	-0.19877608201385683	0.0040343869754140916	1149.0	1.2657951012404558
449	682.9421249703986	619.5074312379276	1.0	0.0	0.0	1.0	[0.15, 0.15, 0.15, 0.10322580027204979]	-0.05814507697484572	0.013770554928438369	1149.0	1.2037160281093637
450	682.9142281176429	620.8651896565364	1.0	0.0	0.0	1.0	[0.15, 0.15, 0.15, 0.10898219147305817]	-0.027896852755671248	0.0127757048105884	1149.0	1.3577584186087894
451	682.9511350467321	622.157704243032	1.0	0.0	0.0	1.0	[0.15, 0.15, 0.15, 0.12245430718809906]	0.036906929089223085	0.01327288888411591	1149.0	1.2925145864955714
452	685.0358840638936	623.6049793457531	0.0	0.0	0.0	1.0	[0.15, 0.15, 0.15, 0.15]	2.084749017161464	0.04894330908422202	1152.0	1.4472751027211552
453	686.2669387126504	625.044416545312	0.0	0.0	0.0	1.0	[0.15, 0.15, 0.15, 0.15]	1.231054648756776	0.027600949874104812	1155.0	1.4394371995588204
454	688.4519556378517	626.4847954732685	0.0	0.0	0.0	1.0	[0.15, 0.15, 0.15, 0.15]	2.1850169252013805	0.05145000678521993	1158.0	1.4403789279565624
455	689.0695118690667	627.9246266401558	0.0	0.0	0.0	1.0	[0.15, 0.15, 0.15, 0.15]	0.6175562312149085	0.012263489435558128	1161.0	1.4398311668873114
456	690.8326378161165	629.2179592633611	0.0	0.0	0.0	1.0	[0.15, 0.15, 0.15, 0.15]	1.7631259470498755	0.0409027323314323	1164.0	1.2933326232053286
457	693.0557940084261	630.1507077477368	0.0	0.0	0.0	1.0	[0.15, 0.15, 0.15, 0.15]	2.2231561923095593	0.0524034884629244	1167.0	0.932748484375635
458	695.5978282891778	631.4237420200087	0.0	0.0	0.0	1.0	[0.15, 0.15, 0.15, 0.15]	2.542034280751588	0.06037544067397511	1170.0	1.2730342722719472
459	698.1418266639795	632.6856033108443	0.0	0.0	0.0	1.0	[0.15, 0.15, 0.15, 0.15]	2.5439983748017334	0.06042454302522875	1173.0	1.2618612908355775
460	699.5755611930462	633.9418342515726	0.0	0.0	0.0	1.0	[0.15, 0.15, 0.15, 0.15]	1.4337345290666597	0.03266794688185191	1176.0	1.2562309407282897
461	700.8390088732785	635.1934757332228	0.0	0.0	0.0	1.0	[0.15, 0.15, 0.15, 0.15]	1.2634476802323453	0.028410775660994047	1179.0	1.2516414816502759
462	703.0026688097838	636.0670601878015	0.0	0.0	0.0	1.0	[0.15, 0.15, 0.15, 0.15]	2.1636599365052684	0.05091608206781713	1182.0	0.8735844545787161
463	705.4703855982254	637.2966214771134	0.0	0.0	0.0	1.0	[0.15, 0.15, 0.15, 0.15]	2.4677167884416646	0.058517503366227026	1185.0	1.2295612893118153
464	707.9240028849343	638.5215584852593	0.0	0.0	0.0	1.0	[0.15, 0.15, 0.15, 0.15]	2.4536172867089068	0.05816501582290808	1188.0	1.2249370081459634
465	710.1234830626336	639.939424568906	0.0	0.0	0.0	1.0	[0.15, 0.15, 0.15, 0.15]	2.199480177699184	0.051811588097665014	1191.0	1.4178660836466954
466	712.3368919819372	640.8131735994388	0.0	0.0	0.0	1.0	[0.15, 0.15, 0.15, 0.15]	2.2134089193036552	0.0521598066377768	1194.0	0.8737490305327265
467	714.6875282108057	641.5002453893259	0.0	0.0	0.0	1.0	[0.15, 0.15, 0.11697907827782986, 0.15]	2.350636228868382	0.06039704144837688	1197.0	0.6870717898870579
468	714.4155544154727	642.2923490467263	1.0	0.0	0.0	1.0	[0.15, 0.15, 0.10117700279697842, 0.12382927028675014]	-0.2719737953330225	0.014461823739059094	1197.0	0.7921036574003821
469	714.1380482527511	643.2833887560909	1.0	0.0	0.0	1.0	[0.15, 0.15, 0.11180307565237063, 0.10530494030490282]	-0.2775061627215798	0.01273070351591101	1197.0	0.9910397093646487
470	713.981753386867	644.3274944397878	1.0	0.0	0.0	1.0	[0.12561786251872156, 0.15, 0.141273220428784, 0.10194631365462051]	-0.15629486588411945	0.012009614306322644	1197.0	1.0441056836968516
471	713.7249989187484	645.5633612027226	1.0	0.0	0.0	1.0	[0.07502320164983722, 0.15, 0.15, 0.10385180317775174]	-0.2567544681186509	0.012062462911669698	1197.0	1.2358667629348226
472	714.9256020252348	646.7591374796081	0.0	0.0	0.0	1.0	[0.09293915203552147, 0.15, 0.15, 0.09568735543628498]	1.2006031064863656	0.0362134647538785	1200.0	1.1957762768854059
473	714.697584741839	647.7536528490798	1.0	0.0	0.0	1.0	[0.08711417868936379, 0.15, 0.15, 0.10192360213033581]	-0.22801728339573843	0.002475636052674001	1200.0	0.9945153694717404
474	716.426066307506	648.8428306445738	0.0	0.0	0.0	1.0	[0.12900586419742452, 0.15, 0.15, 0.09631422536638651]	1.7284815656669381	0.04698647069683402	1203.0	1.0891777954940252
475	716.3044391538838	649.708494985595	1.0	0.0	0.0	1.0	[0.12563766127921813, 0.15, 0.15, 0.10122114473862431]	-0.12162715362216245	0.006649263212490182	1203.0	0.8656643410212483
476	716.3410270050354	650.7948231016998	1.0	0.0	0.0	1.0	[0.12545488942831315, 0.15, 0.15, 0.13434279219784057]	0.03658785115152911	0.009684317583415526	1203.0	1.0863281161047458
477	717.9784510635577	651.7728087859631	0.0	0.0	0.0	1.0	[0.15, 0.15, 0.15, 0.15]	1.637424058522352	0.037760185118244215	1206.0	0.9779856842633189
478	718.7062435337974	652.9100123956617	0.0	0.0	0.0	1.0	[0.15, 0.15, 0.15, 0.15]	0.727792470239709	0.01501939541117814	1209.0	1.1372036096987
479	719.3052404018588	654.2307362787964	0.0	0.0	0.0	1.0	[0.15, 0.15, 0.15, 0.15]	0.5989968680613482	0.011799505356719121	1212.0	1.3207238831346202
480	721.4823835430639	655.7314123436007	0.0	0.0	0.0	1.0	[0.15, 0.15, 0.15, 0.15]	2.177143141205111	0.0512531621853132	1215.0	1.5006760648042932
